year,month,day,hour,latitude,longitude,depth,mag
1990,1,11,21,-5.006,102.429,33,4.8
1990,3,2,9,-5.267,102.85,33,4.8
1990,3,26,4,-5.236,102.52,34.1,5
1990,4,16,19,-5.301,102.38,38.9,4.9
1990,5,2,6,-4.238,103.049,33,4.4
1990,8,14,0,-4.068,102.014,33,4.6
1990,9,26,12,-5.456,102.271,46.3,5.3
1990,9,26,13,-3.989,102.385,58.6,5
1990,11,8,8,-4.989,101.768,33,4.6
1990,11,24,1,-4.139,102.363,52.2,5.2
1991,3,5,22,-3.984,102.369,58.7,5.7
1991,5,13,4,-4.884,101.873,33,5.2
1991,6,11,18,-5.355,102.561,27.7,5.2
1991,7,21,14,-5.217,102.645,42.1,5.1
1991,9,28,6,-4.733,103.217,33,5.1
1991,11,18,18,-5.16,102.202,33,4.8
1991,12,22,21,-4.893,103.185,58.9,5.4
1991,12,29,19,-5.298,102.914,10,4.5
1992,4,16,10,-5.495,102.477,33,4.8
1992,4,18,9,-5.454,103.001,29.3,6.6
1992,6,20,7,-4.198,102.045,33,5.3
1992,6,24,12,-5.311,102.974,46.6,5.7
1992,7,11,12,-4.369,102.839,57.1,5.3
1992,8,20,14,-5.488,102.626,26.7,5.1
1992,8,28,13,-4.612,103.123,33,4.8
1992,9,25,8,-5.388,102.556,28.6,5.3
1992,11,25,6,-4.069,102.16,58.3,5.7
1993,2,8,4,-4.834,101.916,29.8,5.7
1993,2,8,5,-4.881,101.99,59.9,4.9
1993,6,16,5,-5.173,102.749,33,4.5
1993,9,20,23,-5.225,102.829,39.3,5.6
1993,11,2,12,-5.473,101.907,33,4.6
1993,11,30,3,-3.58,101.601,45.2,5.1
1994,3,19,18,-5.45,102.51,43.8,4.6
1994,4,19,9,-3.774,101.509,42.1,5
1994,7,29,8,-4.791,103.129,33,4.4
1994,9,16,8,-5.347,102.831,33,5.4
1994,9,28,21,-4.708,102.2,46.3,5.5
1994,10,26,4,-5.278,101.426,33,5
1994,10,29,21,-5.361,102.692,33,4.1
1994,11,27,15,-5.478,101.772,33,4.6
1994,12,17,13,-4.745,103.227,33,5.4
1995,1,7,15,-5.389,102.57,33,4.9
1995,3,25,7,-4.642,102.727,33,4.6
1995,3,29,10,-5.044,102.696,33,4.6
1995,6,10,21,-5.233,102.477,33,4.3
1995,7,14,19,-5.056,102.448,47.7,4.6
1995,9,2,16,-3.777,102.601,50.7,4.3
1995,9,29,22,-4.768,102.85,56.4,4.6
1995,11,5,16,-4.92,103.22,36.2,6.3
1995,11,6,8,-5.415,102.593,33,4.5
1995,11,14,6,-3.682,101.924,57,5.1
1995,12,14,18,-5.335,102.162,57.7,4.6
1996,2,3,3,-5.262,102.857,33,4.1
1996,3,20,12,-3.733,102.965,33,4.5
1996,4,10,5,-5.114,103.2,53.8,5
1996,6,5,1,-4.537,101.934,33,5.5
1996,7,4,19,-4.722,102.42,33,4
1996,7,5,1,-4.729,102.693,33,4.3
1996,7,24,16,-4.527,101.883,33,4.8
1996,8,29,0,-4.742,103.038,33,4.7
1996,9,21,23,-5.092,102.736,33,4.7
1997,3,14,12,-4.385,102.034,33,4.7
1997,3,28,0,-5.345,102.248,33,4.6
1997,4,3,16,-5.354,103.19,42.4,4.8
1997,4,7,0,-4.387,102.302,57.3,4.6
1997,5,10,18,-3.15,101.547,33,5.6
1997,5,12,13,-4.447,102.883,33,4.9
1997,6,2,4,-5.357,102.783,39.1,4.8
1997,6,2,8,-4.697,103.198,33,4.3
1997,6,7,18,-4.354,101.842,33,4.6
1997,6,10,1,-4.173,102.568,33,4.9
1997,6,22,6,-3.255,101.699,33,4.6
1997,6,24,22,-4.255,101.929,33,4.3
1997,6,26,5,-4.094,102.151,33,5.1
1997,9,15,6,-4.61,102.653,53.8,4.6
1997,9,16,5,-4.964,102.509,38.2,4.7
1997,10,3,16,-5.234,102.989,52,4.6
1997,11,16,8,-4.956,103.189,58.3,5.3
1997,11,23,8,-5.405,102.523,33,5.1
1997,11,27,0,-4.544,101.827,33,5
1998,1,2,7,-4.9,102.757,33,4.9
1998,1,12,16,-5.449,102.373,33,4.2
1998,1,20,8,-4.449,102.525,54.1,4.3
1998,2,18,1,-3.768,101.881,52,4.6
1998,3,1,11,-5.121,102.884,33,4.5
1998,4,12,20,-4.318,102.228,33,4.3
1998,5,11,23,-5.15,102.874,33,4.2
1998,6,4,17,-5.043,101.965,33,4.7
1998,6,7,22,-4.502,102.009,33,4.8
1998,7,14,22,-4.252,102.191,33,4.9
1998,7,17,22,-4.687,103.065,50.4,5.7
1998,7,29,9,-4.218,102.027,50.7,4.4
1998,8,24,4,-4.449,102.597,34.1,5.2
1998,9,4,18,-5.316,101.898,33,4.6
1998,9,29,17,-4.931,102.668,33,4
1998,10,5,18,-3.707,101.818,58.6,4.8
1998,10,8,21,-4.877,103.104,33,5.2
1998,12,7,15,-5.157,102.957,49.1,5.2
1998,12,20,10,-4.765,101.965,33,5.4
1998,12,20,20,-4.796,101.938,33,5.2
1998,12,25,21,-4.382,101.875,33,4.8
1999,1,6,7,-5.317,102.37,46,4.6
1999,1,30,12,-3.771,101.794,33,4.6
1999,3,14,13,-5.314,103.221,33,4.3
1999,3,19,16,-4.455,102.396,33,4.5
1999,4,12,18,-4.871,102.983,33,4.4
1999,4,29,12,-5.166,102.991,33,4.5
1999,5,3,2,-5.297,102.936,33,5.1
1999,5,19,6,-5.406,102.195,27.2,5.1
1999,6,15,15,-3.586,101.769,33,4.1
1999,7,13,17,-4.711,102.751,33,4.3
1999,7,17,4,-4.639,102.114,33,4.7
1999,8,14,0,-5.199,103.166,33,4.8
1999,9,9,4,-5.443,102.676,33,4.8
1999,9,19,7,-5.019,102.298,33,4.6
1999,11,12,11,-5.251,103.232,45.9,4.6
1999,11,30,16,-4.818,101.869,33,4.8
1999,12,1,20,-4.753,101.991,33,4.7
2000,3,14,22,-4.719,103.16,33,4.9
2000,3,17,9,-4.655,102.777,33,4.3
2000,4,6,2,-4.901,102.974,33,4.5
2000,5,30,0,-3.772,101.887,33,4.6
2000,5,31,17,-4.72,103.176,33,4.6
2000,6,4,16,-4.721,102.087,33,7.9
2000,6,4,16,-4.646,102.102,33,6.7
2000,6,4,17,-5.291,102.693,33,5.1
2000,6,4,18,-4.963,102.099,33,5
2000,6,4,18,-4.862,101.918,33,4.8
2000,6,4,18,-5.308,102.637,33,4.7
2000,6,4,18,-5.016,102.061,33,4.9
2000,6,4,19,-5.128,102.707,33,4.7
2000,6,4,19,-5.495,103.141,33,4.3
2000,6,4,19,-5.123,102.04,33,4.4
2000,6,4,19,-5.207,102.361,33,4.3
2000,6,4,19,-4.438,102.087,33,4.9
2000,6,4,19,-5.157,102.58,33,5.1
2000,6,4,20,-4.526,102.033,33,5.1
2000,6,4,20,-4.588,101.873,33,5
2000,6,4,20,-4.768,102.096,33,4.9
2000,6,4,21,-4.791,102.251,33,4.9
2000,6,4,21,-4.411,102.075,33,4.7
2000,6,4,21,-4.782,102.055,33,4.9
2000,6,4,21,-4.986,102.124,33,4.5
2000,6,4,21,-4.821,102.184,33,5
2000,6,4,22,-4.947,103.242,33,4.5
2000,6,4,22,-4.542,102.117,33,4.9
2000,6,4,22,-4.619,102.07,33,4.6
2000,6,4,22,-4.724,102.3,33,4.1
2000,6,4,22,-4.801,102.09,33,5.4
2000,6,4,22,-4.807,101.693,33,4.6
2000,6,4,22,-4.993,102.13,33,4.9
2000,6,4,23,-5.347,102.711,33,4.8
2000,6,4,23,-5.436,102.666,33,4.6
2000,6,4,23,-4.968,102.208,33,5.3
2000,6,4,23,-4.426,102.15,33,4.6
2000,6,5,0,-4.875,102.7,33,5.1
2000,6,5,0,-5.439,102.039,33,4.6
2000,6,5,0,-4.894,102.384,33,4.9
2000,6,5,1,-4.711,102.154,33,4.6
2000,6,5,1,-5.143,101.926,33,4.5
2000,6,5,1,-4.813,102.568,33,4.6
2000,6,5,1,-5.028,101.851,33,4.5
2000,6,5,2,-4.983,102.308,33,5.1
2000,6,5,2,-4.559,102.145,33,4.4
2000,6,5,2,-4.544,102.338,33,5.1
2000,6,5,2,-4.247,101.803,33,4.5
2000,6,5,3,-4.532,102.421,33,5
2000,6,5,3,-4.463,102.136,33,5
2000,6,5,4,-5.488,102.095,33,4.6
2000,6,5,4,-4.813,102.079,33,4.6
2000,6,5,4,-4.407,102.248,33,5.3
2000,6,5,5,-5.128,101.989,33,4.7
2000,6,5,5,-4.903,102.485,33,4.1
2000,6,5,6,-4.909,102.656,33,5.8
2000,6,5,7,-4.463,102.135,33,5.1
2000,6,5,7,-5.019,102.529,33,4.7
2000,6,5,8,-5.443,102.633,33,4.7
2000,6,5,9,-4.343,102.232,33,5.2
2000,6,5,9,-4.423,102.318,33,5
2000,6,5,10,-4.72,102.331,33,4.6
2000,6,5,10,-4.43,102.073,33,4.4
2000,6,5,10,-4.392,102.329,33,5.1
2000,6,5,11,-4.434,102.326,33,4.6
2000,6,5,15,-4.829,102.241,33,4.8
2000,6,5,17,-5.162,102.754,33,4.4
2000,6,5,21,-4.458,102.46,33,4.2
2000,6,5,22,-4.594,102.179,33,4.4
2000,6,5,23,-4.428,102.219,33,4.4
2000,6,5,23,-4.497,102.117,33,4.6
2000,6,5,23,-4.141,102.011,33,5.5
2000,6,6,2,-4.405,102.129,33,5.4
2000,6,6,3,-4.675,102.193,33,4.8
2000,6,6,3,-4.7,101.78,33,4.7
2000,6,6,5,-5.001,102.695,33,5.4
2000,6,6,9,-5.496,103.071,33,4.4
2000,6,6,9,-4.377,102.038,33,4.9
2000,6,6,9,-5.093,102.699,33,6.2
2000,6,6,10,-5.059,101.829,33,4.7
2000,6,6,10,-4.815,102.108,33,4.5
2000,6,6,16,-5.054,102.046,33,4.6
2000,6,6,17,-4.907,101.853,33,4.9
2000,6,6,18,-5.073,102.755,33,4.7
2000,6,6,19,-4.502,102.371,33,4.8
2000,6,6,22,-5.397,102.049,33,4.7
2000,6,7,3,-5.012,102.127,33,4.7
2000,6,7,4,-4.851,102.025,33,4.7
2000,6,7,4,-5.452,102.61,33,4.3
2000,6,7,9,-4.041,102.772,33,4.7
2000,6,7,14,-4.713,102.198,33,4.6
2000,6,7,16,-4.894,102.095,33,4.8
2000,6,7,20,-4.987,102.43,33,4.8
2000,6,7,20,-4.632,101.899,33,4.4
2000,6,7,21,-4.676,101.875,33,4.4
2000,6,7,23,-4.612,101.905,33,6.7
2000,6,7,23,-4.829,101.751,33,4.8
2000,6,8,0,-4.391,102.037,33,4.7
2000,6,8,0,-4.505,101.902,33,5
2000,6,8,0,-4.649,101.985,33,5.1
2000,6,8,0,-4.849,101.875,33,4.7
2000,6,8,0,-4.47,101.977,33,4.8
2000,6,8,0,-4.634,101.849,33,4.8
2000,6,8,0,-4.607,101.882,33,4.6
2000,6,8,0,-4.461,101.909,33,4.6
2000,6,8,1,-4.477,101.951,33,4.7
2000,6,8,1,-4.57,101.838,33,4.9
2000,6,8,2,-4.524,101.82,33,4.2
2000,6,8,2,-4.476,102.032,33,4.9
2000,6,8,4,-4.473,101.884,33,5
2000,6,8,4,-4.443,101.943,33,4.7
2000,6,8,11,-5.141,101.629,33,4.3
2000,6,8,12,-5.04,102.923,33,4.5
2000,6,8,12,-4.354,102.187,33,5.1
2000,6,8,14,-4.617,101.946,33,4.8
2000,6,8,14,-4.432,102.071,33,4.8
2000,6,8,19,-5.156,101.984,33,4.7
2000,6,8,19,-4.242,102.455,33,4.9
2000,6,8,23,-4.523,102.107,33,4.9
2000,6,9,4,-4.639,102.126,33,4.6
2000,6,9,5,-5.33,102.754,33,5.5
2000,6,9,6,-5.365,102.762,33,5.5
2000,6,9,6,-4.625,101.9,33,4.5
2000,6,9,6,-5.013,102.723,33,5.1
2000,6,9,7,-5.492,102.542,33,4.6
2000,6,9,10,-4.317,101.823,33,4.8
2000,6,9,15,-5.422,102.592,33,4.6
2000,6,9,17,-4.398,101.981,33,4.9
2000,6,9,17,-4.696,102.16,33,4.6
2000,6,9,22,-4.478,102.052,33,5.5
2000,6,10,0,-5.46,102.927,33,4.7
2000,6,10,1,-4.579,102.718,33,4.6
2000,6,10,2,-5.354,101.923,33,4.8
2000,6,10,2,-4.621,102.736,33,4.2
2000,6,10,3,-5.487,102.581,33,4.5
2000,6,10,5,-5.187,102.829,33,4.8
2000,6,10,5,-4.94,101.975,33,4.5
2000,6,10,7,-4.969,102.22,33,5
2000,6,10,8,-4.373,102.031,33,4.9
2000,6,10,8,-4.653,101.988,33,4.6
2000,6,10,11,-4.874,102.355,33,4.7
2000,6,10,13,-4.928,102.229,33,5.1
2000,6,10,16,-4.738,102.371,33,4.8
2000,6,10,23,-5.075,102.216,33,4.7
2000,6,11,3,-4.481,102.093,33,4.1
2000,6,11,5,-5.405,102.448,33,4.7
2000,6,11,5,-5.46,102.525,33,4.3
2000,6,11,7,-5.013,102.471,33,4.1
2000,6,11,10,-5.329,102.622,33,4.6
2000,6,11,11,-5.411,103.036,33,4.2
2000,6,11,21,-5.401,101.433,33,4.4
2000,6,11,22,-5.394,101.719,33,4.7
2000,6,11,22,-5.029,102.152,33,5.3
2000,6,12,0,-5.039,102.025,33,4.4
2000,6,12,9,-4.734,101.926,33,4.2
2000,6,12,23,-5.216,101.981,33,4.6
2000,6,13,5,-4.564,102.047,33,4.2
2000,6,14,0,-4.922,102.034,33,4.9
2000,6,14,10,-4.465,101.957,33,4.3
2000,6,14,15,-4.368,102.187,33,4.8
2000,6,15,4,-4.404,102.052,33,4.8
2000,6,15,5,-4.825,102.726,33,5.1
2000,6,15,12,-4.352,102.142,33,4.4
2000,6,15,15,-5.019,102.604,33,5.3
2000,6,15,19,-4.226,102.333,33,4.7
2000,6,16,0,-4.582,101.915,33,4.8
2000,6,16,6,-4.896,102.19,33,4.5
2000,6,16,9,-4.594,101.961,33,4.3
2000,6,17,16,-4.5,102.087,33,4.4
2000,6,18,5,-5.428,102.088,33,4.3
2000,6,18,11,-4.653,102.274,33,4.5
2000,6,18,14,-4.64,102.139,33,4.2
2000,6,18,16,-4.963,102.614,33,4.5
2000,6,18,21,-4.796,101.945,33,4.1
2000,6,19,1,-4.958,102.683,33,5.2
2000,6,19,7,-5.215,102.696,33,5
2000,6,19,12,-5.224,102.289,33,4.9
2000,6,20,4,-5.187,102.364,33,4.5
2000,6,20,6,-4.026,101.908,33,4.9
2000,6,20,12,-4.908,102.179,33,5.3
2000,6,20,21,-4.542,102.163,33,4.9
2000,6,20,23,-4.576,101.921,33,4.5
2000,6,22,13,-5.479,103.242,33,4.2
2000,6,22,15,-4.843,101.839,33,5
2000,6,22,16,-4.794,101.813,33,4.9
2000,6,22,18,-4.369,102.336,33,4.2
2000,6,22,19,-5.442,102.198,33,4.9
2000,6,23,1,-4.421,102.145,33,4.1
2000,6,23,16,-5.295,102.659,33,4.7
2000,6,23,23,-5.072,102.169,33,4.5
2000,6,24,22,-5.011,102.31,33,4.5
2000,6,26,1,-4.726,102.915,33,4.9
2000,6,26,16,-5.48,102.536,33,4.5
2000,6,27,0,-5.08,102.128,33,4.4
2000,6,28,5,-4.458,101.972,33,5
2000,7,1,11,-4.683,101.956,33,4.7
2000,7,3,14,-5.446,102.653,33,4.2
2000,7,3,19,-5.2,102.685,33,4.2
2000,7,4,2,-4.854,102.149,33,4.3
2000,7,5,0,-4.627,101.968,33,5.2
2000,7,6,8,-5.473,102.371,33,4.2
2000,7,7,18,-4.723,101.929,33,4.6
2000,7,8,4,-5.408,102.7,33,5.9
2000,7,8,4,-5.438,102.5,33,4.9
2000,7,8,5,-5.411,102.781,33,4.8
2000,7,8,11,-5.341,102.786,33,4.5
2000,7,10,8,-5.245,102.264,33,4.6
2000,7,13,16,-4.385,102.563,33,4.1
2000,7,16,16,-5.193,102.177,33,5.3
2000,7,16,21,-4.928,102.524,33,4.7
2000,7,17,18,-4.867,103.035,33,4.2
2000,7,19,11,-5.367,103.192,33,4.3
2000,7,23,9,-5.022,102.098,33,4.1
2000,7,25,17,-5.316,102.818,33,4.8
2000,7,25,20,-4.999,102.427,33,4.4
2000,7,29,2,-5.018,102.256,47.4,4.6
2000,7,29,22,-5.026,102.38,31.5,4.6
2000,7,30,0,-4.524,101.9,33,4.1
2000,7,30,6,-5.059,102.707,33,4.7
2000,7,31,20,-4.771,102.109,33,4.3
2000,8,1,2,-4.954,102.74,33,4.8
2000,8,1,17,-5.016,102.802,33,4.6
2000,8,1,23,-5.446,102.653,33,4.6
2000,8,2,3,-5.285,102.317,33,4.1
2000,8,6,11,-4.951,102.605,33,4.7
2000,8,12,7,-4.509,102.085,33,4.5
2000,8,12,18,-5.35,102.281,30.3,4.5
2000,8,16,0,-4.395,102.183,33,4.7
2000,8,17,10,-4.426,101.398,33,4.3
2000,8,18,8,-4.549,101.975,33,4.7
2000,8,18,11,-4.272,102.32,33,4.2
2000,8,18,19,-5.402,102.296,33,4.7
2000,8,23,13,-3.971,101.703,33,4.2
2000,8,24,20,-4.656,102.093,33,4.6
2000,8,25,18,-5.202,102.706,33,5.3
2000,8,26,6,-4.324,102.334,33,4.7
2000,8,26,20,-4.466,102.381,33,4.4
2000,8,26,21,-4.327,102.195,33,4.1
2000,8,29,8,-4.715,102.934,33,4.7
2000,8,29,9,-5.308,102.296,33,4.4
2000,8,31,15,-4.285,102.329,33,4.9
2000,9,1,16,-5.061,102.527,33,4.8
2000,9,2,22,-5.363,102.427,33,4.5
2000,9,5,19,-4.509,102.304,33,4.7
2000,9,6,4,-4.436,102.229,33,4.5
2000,9,6,7,-4.433,102.063,33,5.2
2000,9,6,18,-5.025,102.571,33,4.9
2000,9,10,8,-4.632,103.016,33,4.9
2000,9,12,3,-4.505,102.167,33,4.6
2000,9,12,16,-5.435,101.823,33,6
2000,9,14,20,-4.459,102.831,33,4.5
2000,9,16,20,-4.389,101.772,47.7,4.7
2000,9,22,7,-4.49,102.145,33,4.9
2000,9,22,18,-4.964,102.104,33,6.2
2000,9,24,13,-4.736,102.352,33,4.3
2000,9,27,2,-4.494,102.333,33,5
2000,9,30,3,-5.088,102.185,33,4.2
2000,10,7,14,-4.733,102.804,33,4.8
2000,10,8,9,-4.18,101.606,33,4.1
2000,10,8,12,-4.213,101.634,33,4.4
2000,10,8,13,-4.245,101.53,33,5.1
2000,10,16,18,-5.482,101.725,33,5.1
2000,10,18,13,-5.499,103.037,33,4.7
2000,10,18,20,-5.278,102.451,33,5.1
2000,10,22,8,-4.684,102.123,33,4.6
2000,10,26,3,-5.331,102.573,33,4.8
2000,10,26,5,-5.368,102.525,33,4.5
2000,10,29,2,-5.235,103.135,33,4.3
2000,11,5,7,-4.021,102.715,33,4.5
2000,11,20,12,-5.354,102.543,33,4.1
2000,11,30,10,-4.353,102.18,33,4.8
2000,12,5,15,-4.48,102.532,50.2,4.6
2000,12,9,0,-4.353,102.271,51.4,4.6
2000,12,11,3,-5.201,102.933,33,4.6
2000,12,24,15,-4.527,101.885,33,4.6
2000,12,26,15,-4.26,102.148,33,4.5
2000,12,27,9,-3.803,101.871,33,4.8
2000,12,28,18,-4.864,102.599,33,5.4
2000,12,29,1,-3.465,101.639,33,4.5
2001,1,16,13,-3.957,101.746,33,6
2001,1,16,13,-4.022,101.776,28,6.9
2001,1,16,13,-4.197,101.614,33,5.4
2001,1,16,13,-4.308,101.452,33,5.1
2001,1,16,14,-4.347,101.633,33,5.2
2001,1,16,14,-4.308,101.648,33,5.6
2001,1,16,16,-4.162,101.657,33,4.9
2001,1,16,16,-4.194,101.604,57.7,5.7
2001,1,16,17,-4.276,101.506,33,4.8
2001,1,17,15,-4.423,102.708,33,4.3
2001,1,18,7,-4.046,101.746,55.4,5.4
2001,1,21,3,-4.187,101.446,33,4.3
2001,1,21,23,-4.785,102.727,33,4.4
2001,1,28,18,-5.001,102.673,33,4.6
2001,2,7,8,-4.534,102.476,33,4.2
2001,2,13,16,-5.104,102.121,33,4.2
2001,2,13,19,-4.68,102.562,36,7.4
2001,2,13,22,-5.154,102.146,33,5.2
2001,2,14,1,-5.079,102.555,33,4.8
2001,2,14,1,-5.023,102.727,33,5.2
2001,2,14,3,-4.983,102.355,33,4.7
2001,2,14,3,-5.308,102.55,33,5.1
2001,2,14,3,-4.88,102.971,33,4.3
2001,2,14,4,-5.164,102.488,33,5.6
2001,2,17,4,-5.134,102.462,33,5
2001,2,18,1,-5.269,102.533,33,4.5
2001,2,18,5,-4.911,102.85,33,4.3
2001,2,19,9,-5.087,102.726,45.6,5.2
2001,2,19,9,-5.22,102.531,33,4.9
2001,2,19,15,-5.175,102.652,44.1,4.7
2001,2,21,15,-4.9,102.448,33,5.7
2001,2,21,17,-4.38,101.387,33,4.8
2001,2,22,9,-4.359,101.642,33,4.7
2001,2,22,10,-4.352,101.536,33,4.7
2001,2,22,17,-5.129,102.372,33,4.5
2001,3,8,21,-5.362,102.186,33,5.4
2001,3,17,5,-4.885,102.626,50.5,5.2
2001,3,17,18,-4.919,102.63,46.4,4.6
2001,3,18,14,-4.99,102.764,33,4.9
2001,3,18,14,-5.03,102.698,33,4.8
2001,3,23,10,-5.157,102.828,33.6,4.5
2001,3,27,22,-4.347,102.216,52.6,4.5
2001,3,28,10,-5.078,102.052,33,4.4
2001,4,1,3,-5.206,102.895,33,4.7
2001,4,6,23,-4.192,101.633,33,5.2
2001,4,15,23,-5.322,102.277,33,4.8
2001,4,15,23,-5.455,102.059,33,4.4
2001,4,17,21,-4.395,101.682,33,5
2001,4,24,20,-4.391,102.153,33,4.6
2001,5,1,18,-4.464,102.019,33,4.4
2001,5,12,12,-5.216,102.579,33,4.2
2001,5,26,4,-4.304,102.677,51.5,5.2
2001,5,29,19,-4.651,102.743,46.8,5
2001,6,1,3,-4.438,102.179,43.5,4.6
2001,6,12,14,-4.657,102.836,33,4.4
2001,6,24,18,-4.598,101.903,33,4.3
2001,7,2,23,-5.21,102.696,33,4.9
2001,7,23,20,-4.459,101.662,33,4.3
2001,7,30,21,-4.209,102.177,33,5
2001,8,3,11,-4.644,102.617,33,4.5
2001,8,10,23,-4.513,102.184,33,4.3
2001,8,19,2,-3.207,101.565,59.2,4.4
2001,8,26,18,-5.102,102.004,33,5.1
2001,8,31,0,-4.865,102.682,44.8,4.7
2001,8,31,1,-4.743,102.59,50.1,4.6
2001,9,7,14,-5.232,102.473,33,4.5
2001,10,9,15,-4.581,102.008,33,4.7
2001,10,17,18,-4.941,103.152,33,4.5
2001,10,28,22,-5.227,102.518,33,5
2001,10,29,18,-4.984,102.084,33,5
2001,12,1,5,-4.759,101.903,58.5,5.6
2001,12,4,14,-5.282,102.617,33,4.2
2001,12,6,16,-4.727,101.828,33,4.1
2001,12,14,3,-4.369,102.06,33,4.6
2001,12,16,17,-5.11,101.916,33,5.1
2001,12,25,12,-5.039,102.692,33,4.5
2002,1,3,0,-4.333,102.04,33,5.6
2002,1,4,7,-4.122,101.261,33,4.6
2002,1,7,19,-4.039,101.44,33,5.4
2002,1,12,20,-5.068,102.635,33,4.5
2002,1,28,5,-4.461,102.09,33,5
2002,1,31,9,-5.459,102.484,33,4.7
2002,2,2,12,-5.417,102.077,33,4.8
2002,2,9,13,-5.173,102.52,48.6,4.6
2002,2,9,20,-4.163,101.556,33,4.6
2002,2,28,17,-4.12,101.379,32.6,5.1
2002,3,5,12,-4.808,102.799,33,4.4
2002,3,18,22,-4.809,102.189,51.1,5.4
2002,3,23,14,-4.755,102.726,33,4.4
2002,3,30,8,-4.805,103.131,33,5.1
2002,3,30,22,-5.27,102.146,33.1,5.3
2002,4,5,15,-4.636,102.252,33,4.1
2002,4,8,0,-5.146,102.902,33,4
2002,4,8,18,-4.093,102.293,33,4.2
2002,4,27,4,-4.508,102.784,33,4.9
2002,5,4,9,-4.844,102.84,33,4.6
2002,5,11,22,-3.327,101.746,33,4.2
2002,5,22,0,-4.81,101.762,33,5.2
2002,5,27,14,-5.158,101.965,33,4.5
2002,6,4,18,-5.232,102.558,33,4.3
2002,6,11,19,-4.737,103.117,33,4.4
2002,6,14,21,-4.492,102.163,33,4.4
2002,7,9,4,-3.282,101.487,33,5.1
2002,8,3,0,-4.301,102.229,33,4.4
2002,8,6,23,-4.793,102.811,33,4.8
2002,8,23,21,-4.621,102.802,33,4.7
2002,9,19,17,-3.251,101.38,43.9,5.1
2002,10,27,7,-4.603,102.573,33,4.5
2002,11,2,17,-5.083,102.967,33,4.4
2002,11,4,13,-4.37,102.066,58.4,4.8
2002,11,18,22,-4.208,102.18,33,5.4
2002,11,24,15,-4.243,102.054,31.4,4.5
2002,11,25,8,-4.825,102.745,33,4.9
2002,12,13,22,-3.261,101.689,33,4.9
2002,12,30,0,-5.052,102.634,33,4.5
2003,1,19,2,-3.428,101.638,53.2,5.1
2003,3,7,15,-4.543,102.645,33,4.6
2003,3,31,0,-4.527,102.422,33,4.7
2003,5,1,3,-4.385,102.904,33,4.8
2003,5,8,5,-4.799,103.036,33,4.7
2003,6,8,15,-4.754,102.442,33,4.4
2003,7,24,9,-4.563,102.674,33,4.9
2003,7,24,9,-4.164,102.997,33,4.6
2003,8,6,15,-4.413,102.581,33,4.6
2003,8,29,21,-5.444,102.178,24.8,5.3
2003,8,29,21,-5.476,102.119,33,4.6
2003,8,29,23,-5.433,102.209,26.9,5.1
2003,8,30,15,-4.771,102.385,33,4.4
2003,9,3,18,-5.346,102.403,33,4.5
2003,10,13,4,-4.559,102.167,33,4.9
2003,10,17,17,-5.077,102.458,35.1,5.8
2003,10,19,13,-5.124,102.362,33,4.4
2003,11,1,21,-4.474,101.946,33,4.6
2003,11,14,7,-3.605,102.035,33,5.4
2003,11,18,4,-3.47,102.145,24.8,4.8
2003,11,23,18,-5.273,102.278,33,5
2003,12,7,21,-3.962,102.489,33,4.4
2003,12,27,20,-4.144,102.748,33,4.1
2004,1,13,7,-5.207,102.449,39.1,4.7
2004,2,8,4,-4.963,102.117,10,4.4
2004,2,16,14,-4.765,102.957,42,5
2004,2,27,0,-4.797,101.343,45,4.5
2004,3,8,23,-4.446,102.262,27.4,4.7
2004,3,12,15,-4.958,102.328,45.5,4.4
2004,3,20,20,-4.503,102.013,43.7,4
2004,3,25,7,-5.109,101.942,27.5,4.8
2004,4,13,13,-4.741,103.107,58,4.8
2004,4,16,21,-5.214,102.718,44.5,6
2004,4,16,22,-5.241,102.678,41.9,4.8
2004,4,16,22,-5.291,102.653,41.7,4.8
2004,4,16,23,-5.18,102.735,44.7,4.6
2004,4,17,0,-5.38,102.269,45.2,4.6
2004,4,17,0,-4.593,103.239,10,4.6
2004,4,27,12,-5.247,102.551,44.7,4.8
2004,4,29,7,-4.987,103.008,30,4.5
2004,5,2,2,-5.391,102.516,38.8,4.5
2004,5,5,9,-4.504,102.301,58.8,4.7
2004,5,23,13,-5.329,102.566,47.2,4.6
2004,5,23,20,-5.233,102.655,35,4.9
2004,5,26,7,-5.421,102.596,50,4.4
2004,5,26,22,-5.406,102.139,35,4.4
2004,5,26,23,-5.325,102.265,50,4.3
2004,6,1,16,-4.529,103.132,35,4.2
2004,6,1,22,-5.208,102.642,27.9,4.6
2004,6,22,2,-4.661,102.635,10,4.9
2004,6,30,5,-4.81,102.309,58.6,4.6
2004,7,4,20,-5.151,102.576,50,4.1
2004,7,11,1,-3.568,101.452,30,4
2004,7,11,17,-4.921,102.689,41.5,4.6
2004,8,2,2,-5.471,102.623,40.5,5.6
2004,8,25,18,-4.66,102.626,10,4.3
2004,8,29,11,-4.307,101.422,30.4,4.4
2004,8,30,5,-4.337,101.832,57.4,4.7
2004,9,18,12,-5.482,103.203,10,4.4
2004,9,20,14,-5.487,103.146,20,4.7
2004,10,22,20,-3.939,101.993,45.8,4.3
2004,10,24,14,-4.894,101.915,32.7,5.4
2004,10,25,4,-4.216,102.449,10,4.1
2004,10,28,8,-4.91,103.211,42.1,5.4
2004,11,10,14,-4.447,101.831,56.2,4.4
2004,11,29,18,-5.192,101.904,27.6,4.7
2004,12,9,8,-5.004,102.465,35,4.9
2004,12,12,1,-4.844,103.001,30,4.8
2004,12,26,11,-3.458,101.387,30,4.9
2004,12,26,20,-3.362,101.55,52.2,5
2004,12,27,8,-5.305,102.54,44.4,4.6
2005,1,1,4,-3.895,102.315,25,4.8
2005,1,8,19,-3.531,101.468,44,4.6
2005,2,12,2,-4.811,102.814,30,4.5
2005,3,6,17,-4.818,102.709,28.4,4.7
2005,3,8,21,-4.647,101.667,30,4.3
2005,3,17,1,-4.358,102.008,30,4.3
2005,3,31,22,-4.183,101.994,35,4.4
2005,5,8,4,-4.505,102.58,30,4.5
2005,5,9,15,-3.384,101.692,30,4.5
2005,5,29,4,-4.732,103.171,22.6,5
2005,6,7,8,-4.594,103.046,30,4.9
2005,6,20,12,-3.926,101.286,30,4.1
2005,6,28,11,-4.912,102.885,30,4.1
2005,7,21,20,-5.176,102.152,30,4.7
2005,8,7,4,-5.127,102.529,30,4.5
2005,8,16,13,-3.764,101.472,10,4.6
2005,9,8,20,-4.532,101.838,35,4.5
2005,12,8,14,-5.327,102.73,30,4.5
2005,12,25,3,-4.494,102.904,44.2,5
2005,12,31,7,-5.16,102.405,30,4.3
2006,1,26,23,-4.777,102.821,54.4,5.3
2006,2,2,14,-5.407,101.926,45,4.6
2006,3,5,4,-4.627,101.976,30,4.3
2006,3,5,20,-4.55,101.445,30,4.8
2006,3,5,21,-4.573,101.406,28.7,4.9
2006,3,26,20,-4.865,102.313,35,4.2
2006,4,7,5,-3.171,101.78,30,4.3
2006,4,14,21,-5.432,103.211,10,4.2
2006,4,19,20,-5.172,102.541,45.2,4.6
2006,4,23,14,-3.805,101.877,30,4.6
2006,5,4,1,-4.857,102.971,35,4.7
2006,5,8,9,-4.852,102.346,36,5.9
2006,5,9,0,-3.624,101.25,30,4.8
2006,5,9,3,-5.171,101.994,30,4.2
2006,5,11,17,-4.838,103.074,48,4.7
2006,5,15,13,-4.219,102.299,30,4.4
2006,5,17,3,-4.457,102.736,38.8,5
2006,5,24,10,-4.446,102.135,30,4.7
2006,5,26,3,-4.863,103.127,53.6,4.7
2006,6,10,11,-4.156,102.389,30,4.8
2006,6,25,15,-4.747,102.146,48.5,4.8
2006,7,17,5,-4.904,102.166,35,5.1
2006,7,22,16,-4.847,102.253,43.2,5
2006,7,28,7,-4.88,101.601,30,5.1
2006,7,31,9,-5.409,102.091,26.5,4.8
2006,8,4,22,-4.141,101.56,35,4.7
2006,8,8,1,-5.377,102.299,30,4.5
2006,9,2,10,-5.466,102.704,30,4.3
2006,9,13,19,-3.628,101.305,10,4.2
2006,9,15,22,-4.872,102.926,47.3,4.6
2006,9,17,0,-4.456,102.478,30,4.1
2006,9,19,23,-4.5,101.711,30,4.3
2006,9,24,3,-3.587,101.827,30,4.2
2006,10,13,0,-5.281,102.587,46.2,4.8
2006,10,21,15,-5.296,102.545,41.3,4.4
2006,10,29,21,-4.852,102.385,35,4.4
2006,11,10,5,-4.977,102.592,30,4.2
2006,11,18,4,-3.34,102.278,30,4.3
2006,11,20,11,-4.163,102.474,30,4.9
2006,12,14,18,-4.602,102.27,22.9,4.3
2006,12,15,4,-4.414,102.398,30,4.4
2006,12,19,22,-4.974,102.147,30,4.2
2007,1,3,23,-5.442,101.413,30,5.2
2007,1,3,23,-5.45,101.477,30,5.3
2007,1,15,16,-4.983,102.23,36.7,4.6
2007,1,18,15,-5.488,101.454,17.5,5.9
2007,1,29,5,-5.412,102.697,30,4.7
2007,2,6,1,-5.193,102.283,39,4.5
2007,2,19,15,-4.388,102.976,54.8,5.4
2007,3,7,6,-4.739,103.049,35,4.6
2007,3,7,11,-5.1,102.293,42.1,4.9
2007,3,10,5,-3.246,101.361,54.3,4.4
2007,4,8,4,-4.557,102.767,24.7,4.9
2007,4,19,16,-4.912,102.115,30,4.2
2007,5,8,15,-4.449,101.996,30,4.4
2007,5,10,10,-4.809,102.915,30,4.6
2007,6,10,17,-3.928,102.035,30,4.2
2007,6,20,3,-3.97,101.512,30,4.1
2007,8,1,18,-5.022,102.866,10,4.8
2007,8,26,15,-4.509,102.019,15,4
2007,9,5,14,-4.795,102.387,30,4
2007,9,12,11,-4.438,101.367,34,8.4
2007,9,12,11,-4.264,101.365,35,5.3
2007,9,12,12,-4.184,101.305,35,5
2007,9,12,12,-3.928,101.334,35,4.5
2007,9,12,12,-3.676,101.464,35,4.7
2007,9,12,13,-3.504,101.489,35,4.7
2007,9,12,13,-4.862,101.812,35,4.4
2007,9,12,13,-4.155,101.292,21.4,4.7
2007,9,12,14,-3.158,101.463,35,5.9
2007,9,12,15,-4.281,101.525,35,4.3
2007,9,12,15,-3.318,101.264,11.5,4.7
2007,9,12,15,-4.074,101.326,35,4.4
2007,9,12,16,-3.145,101.396,35,5.8
2007,9,12,17,-3.183,101.454,35,4.6
2007,9,12,17,-4.026,101.307,35,4.4
2007,9,12,17,-4.149,101.386,35,4.1
2007,9,12,18,-4.427,101.263,35,4.3
2007,9,12,18,-4.417,101.305,13.4,4.8
2007,9,12,20,-3.952,101.303,35,4.1
2007,9,12,21,-3.928,101.596,30,4.1
2007,9,12,22,-4.429,101.402,28.4,5.1
2007,9,13,1,-3.823,101.752,30.6,5
2007,9,13,2,-4.369,101.277,36.9,4.4
2007,9,13,4,-4.181,101.656,35,4.1
2007,9,13,5,-3.613,101.743,35,4.6
2007,9,13,10,-4.494,101.368,35,4.6
2007,9,13,10,-3.432,101.659,35,5.1
2007,9,13,14,-4.005,101.385,35,4.4
2007,9,13,15,-4.366,101.26,35,4.1
2007,9,13,15,-4.297,101.272,24.7,5.2
2007,9,13,16,-3.172,101.524,53,6
2007,9,13,19,-3.041,101.353,35,4.6
2007,9,14,1,-3.783,101.833,26.8,5.4
2007,9,14,13,-3.166,102.169,35,4.4
2007,9,14,13,-3.003,102.351,35,5.3
2007,9,14,15,-4.424,101.275,35,4.4
2007,9,15,21,-4.33,101.686,35,4.4
2007,9,17,21,-3.464,101.674,35,4.2
2007,9,18,8,-3.259,101.348,35,5.6
2007,9,18,22,-3.681,101.593,35,4.1
2007,9,18,22,-3.44,102.633,35,4.2
2007,9,19,0,-3.037,101.296,35,4.7
2007,9,19,23,-4.17,101.48,35,4.4
2007,9,22,4,-3.569,101.541,36.2,4.6
2007,9,23,16,-4.028,101.559,35,4.7
2007,9,24,5,-3.007,101.381,35,5
2007,9,24,12,-4.385,101.465,35,5.3
2007,9,24,21,-4.413,101.299,35,5
2007,9,26,2,-3.962,101.582,27.7,4.5
2007,9,26,5,-4.356,101.361,35,4.8
2007,9,26,23,-3.957,101.465,35,4.4
2007,9,27,0,-5.008,102.756,35,4.4
2007,9,27,14,-3.006,101.431,35,4.5
2007,9,27,17,-4.396,101.298,35,4.1
2007,9,29,19,-3.806,101.833,37.4,4.6
2007,10,2,4,-4.228,101.878,35,4.6
2007,10,5,9,-4.376,101.337,35,5.1
2007,10,5,15,-4.517,102.343,35,4.7
2007,10,7,19,-3.435,101.698,35,4.2
2007,10,12,9,-3.098,102.69,35,4.5
2007,10,12,13,-4.308,102.259,35,4.6
2007,10,13,13,-4.429,101.479,35,4.4
2007,10,13,13,-4.676,101.281,35,4.4
2007,10,13,16,-3.875,101.546,35,4
2007,10,16,14,-3.363,101.275,35,4.3
2007,10,17,18,-4.395,101.378,35,4.2
2007,10,17,23,-4.211,101.301,35,4.8
2007,10,18,10,-3.415,101.685,39.4,4.9
2007,10,22,14,-3.471,101.788,42.6,4.8
2007,10,24,21,-4.227,101.3,35,4.9
2007,10,30,6,-5.261,102.376,35,4.7
2007,11,2,3,-4.285,101.852,35,4.8
2007,11,10,9,-4.437,101.308,35,5.1
2007,11,16,23,-4.956,101.98,13,4.3
2007,11,20,22,-4.329,101.263,35,5.4
2007,11,25,10,-5.046,102.21,35,4.9
2007,12,1,17,-4.62,101.364,10,5.3
2007,12,1,21,-4.454,101.365,27.4,5.1
2007,12,6,18,-4.199,102.185,35,4.7
2007,12,13,4,-3.91,101.276,20.3,4.6
2007,12,24,20,-4.328,101.294,25.7,5.2
2007,12,26,23,-4.301,101.452,26.2,4.3
2008,1,5,14,-4.446,102.108,35,4.2
2008,1,6,10,-4.867,103.096,35,5.1
2008,1,15,19,-4.53,102.078,34.9,4.4
2008,1,24,12,-4.025,101.869,35,5.3
2008,2,11,12,-5.165,102.02,36,4.9
2008,2,14,15,-4.612,102.588,35,4.3
2008,2,24,4,-3.741,101.986,44.2,5.2
2008,3,1,21,-4.44,101.33,27,5.3
2008,3,3,4,-4.661,102.552,35,4.6
2008,3,3,17,-4.467,101.452,27.5,5.6
2008,3,3,21,-4.455,101.462,33.4,5.4
2008,3,4,1,-4.497,101.465,35,4.2
2008,3,13,20,-4.215,101.437,45,5
2008,4,3,2,-4.303,102.2,35,4.9
2008,4,6,19,-4.921,102.994,35,4.5
2008,4,13,10,-4.734,103.111,35,4.8
2008,4,19,0,-3.437,101.652,35,4.1
2008,4,21,11,-4.571,101.797,35,4.4
2008,4,27,1,-3.266,101.407,46.4,5.2
2008,5,3,3,-3.015,101.319,50.4,5.3
2008,5,5,7,-4.107,102.028,35,4.1
2008,5,12,4,-4.489,102.032,35,4.6
2008,5,18,12,-3.202,101.409,32,5.7
2008,5,20,17,-3.181,101.475,47.9,5.7
2008,5,20,17,-3.204,101.408,45.2,5
2008,5,21,6,-4.713,103.043,35,4.6
2008,5,21,20,-4.187,102.464,53.2,4.9
2008,5,21,22,-4.129,101.272,19,5.5
2008,6,6,15,-4.382,101.606,35,4.1
2008,6,8,16,-3.995,101.25,35,4.4
2008,6,20,10,-3.086,101.267,58.4,5
2008,6,24,17,-5.119,101.624,10,4
2008,6,24,19,-3.185,101.433,49,5.1
2008,6,24,21,-4.817,102.966,19,4.6
2008,7,28,12,-4.258,102.099,35,4.3
2008,8,8,7,-4.556,102.699,35,4.9
2008,8,17,4,-5.03,102.4,35,4.5
2008,8,29,19,-3.496,101.627,50.4,4.9
2008,9,2,0,-4.477,101.464,24,5
2008,9,9,3,-3.935,103.058,25.2,5.2
2008,9,13,14,-3.905,103.085,48.4,4.3
2008,9,17,20,-5.212,102.22,18.1,5.1
2008,10,6,17,-5.096,101.984,35,4.4
2008,10,12,15,-4.326,102.366,37.6,4.7
2008,11,10,6,-4.736,103.077,35,4.5
2008,11,14,7,-3.476,101.538,44.1,4.4
2008,11,16,8,-5.398,102.254,28.8,4.5
2008,11,21,15,-4.264,101.919,35,4.2
2008,11,22,16,-4.348,101.259,24,6.3
2008,11,22,16,-4.483,101.421,23.4,5.7
2008,11,22,18,-4.226,101.456,45,4
2008,11,28,8,-4.755,101.764,25,5.9
2008,12,1,17,-4.733,101.829,35,4.2
2008,12,20,0,-4.432,102.293,35,4.5
2008,12,30,5,-4.793,101.836,35,4.7
2008,12,30,20,-4.311,101.254,10,4.5
2009,1,1,16,-4.332,101.298,19,5.5
2009,2,2,9,-4.546,102.759,50.7,5
2009,2,24,10,-4.966,102.953,35,4.5
2009,3,3,11,-4.36,102.119,35,4.3
2009,4,12,23,-4.56,102.075,35,4.1
2009,6,6,18,-4.444,102.782,35,4.3
2009,6,11,0,-4.885,102.898,22.2,5.3
2009,6,11,0,-4.942,102.844,35,4.7
2009,6,20,9,-4.99,103.049,46.2,5.4
2009,6,22,21,-4.261,102.204,51.6,4.6
2009,7,4,14,-3.764,101.834,35,4.5
2009,7,26,23,-4.811,102.895,40,5.7
2009,7,28,8,-5.497,101.705,16,5.6
2009,8,10,4,-4.893,101.751,58.4,4.6
2009,8,17,0,-4.317,101.81,38.7,5.3
2009,10,5,10,-5.083,102.406,35,4.5
2009,10,5,21,-4.555,102.635,35,4.4
2009,10,18,10,-3.54,101.507,59.1,4.6
2009,11,2,22,-4.423,101.79,52.6,4.5
2009,11,30,23,-4.559,101.994,39.4,4.4
2010,2,22,23,-3.531,101.522,55.2,4.9
2010,3,21,9,-4.54,101.802,37.9,4.4
2010,3,22,18,-4.57,101.77,35,4.2
2010,5,10,22,-4.461,101.957,47.8,4.7
2010,6,4,14,-4.289,102.346,59,4.9
2010,6,5,10,-4.833,102.437,35,4.5
2010,6,12,13,-5.409,102.821,45.6,4.9
2010,6,27,8,-4.489,101.342,27.6,5.4
2010,6,30,0,-4.503,101.398,32.4,4.8
2010,7,23,14,-4.533,102.451,35,5.1
2010,9,10,8,-4.486,102.07,35,4.4
2010,10,2,0,-4.517,102.511,55,4.1
2010,10,5,12,-4.588,102.068,51.6,4.7
2010,10,7,10,-4.206,101.927,55.7,4.5
2010,10,9,0,-4.781,101.848,43.1,4.2
2010,10,19,23,-4.706,102.597,54.1,4.7
2010,10,22,21,-4.664,102.542,57.5,4.3
2010,10,26,17,-5.015,101.909,24,4.5
2010,10,29,18,-4.857,101.715,35,4.2
2010,11,15,20,-3.112,101.266,58.9,5
2010,11,24,17,-4.729,102.772,56.3,4.5
2010,11,26,12,-4.394,102.021,40.8,4.2
2010,12,9,3,-4.248,102.168,53.4,4.6
2011,1,2,15,-4.458,101.428,21.6,5.7
2011,1,14,19,-4.81,103.038,30.2,4.5
2011,1,17,19,-5.03,102.647,36,6
2011,1,23,9,-4.247,102.141,56,5.3
2011,2,24,2,-5.314,102.824,35,4.3
2011,3,6,5,-5.124,102.367,37.8,4.5
2011,3,29,6,-5.191,102.475,43.1,4.9
2011,4,5,13,-4.428,101.287,18.3,4.9
2011,4,20,16,-5.077,102.009,35,4.1
2011,5,4,17,-4.893,101.848,26,5.6
2011,5,5,15,-4.248,102.155,35,4.3
2011,5,24,8,-5.272,102.424,39.9,5
2011,5,24,23,-4.178,102.265,53.6,5
2011,6,4,5,-3.572,101.516,59,4.7
2011,6,8,8,-5.213,102.409,38.1,4.7
2011,6,11,23,-3.494,101.35,35,4.3
2011,6,12,22,-3.579,101.509,28,4.4
2011,6,19,4,-3.247,101.361,57.1,5.4
2011,6,29,4,-5.044,101.889,31.6,5.2
2011,7,8,1,-4.977,101.639,32.6,4.6
2011,7,18,16,-5.134,102.379,46.3,4.4
2011,7,21,21,-5.08,103.039,39,4.3
2011,8,19,21,-4.463,102.776,35,4.3
2011,10,15,18,-4.632,101.767,16.6,4.7
2011,10,30,11,-3.249,101.345,36,5.6
2011,11,29,17,-4.323,102.176,48.4,5.3
2011,12,27,8,-3.369,101.271,54.2,4.6
2012,1,7,18,-4.698,102.972,58.8,4.7
2012,2,15,15,-5.354,102.561,28.5,4
2012,2,24,14,-4.695,103.103,35,5
2012,2,28,10,-4.694,102.303,35,4.1
2012,2,28,18,-4.796,101.674,19.2,4.7
2012,2,29,17,-5.433,103.235,50.8,4.5
2012,3,10,19,-4.125,102.21,39.9,4.7
2012,3,13,19,-4.606,102.145,54.6,4.7
2012,3,30,5,-4.713,102.383,41.4,4.6
2012,6,9,23,-4.602,102.62,35,4.2
2012,6,15,5,-5.26,102.631,47.7,4.5
2012,6,20,21,-3.732,101.84,35,4.3
2012,7,4,0,-4.321,102.108,35,4.2
2012,7,20,19,-4.038,102.704,52.4,4.9
2012,7,29,14,-3.971,101.412,54.9,4.6
2012,8,9,1,-4.812,103.077,58.3,4.5
2012,10,2,14,-3.561,101.531,57,4.5
2012,10,12,8,-4.889,102.712,58.1,4.2
2012,10,18,11,-4.058,101.893,50.3,4.3
2012,10,28,17,-4.342,102.024,58,4.2
2012,10,30,11,-5.105,103.024,56.1,4.7
2012,11,6,8,-5.253,101.883,10.6,4.8
2012,11,6,8,-5.277,101.804,10,4.2
2012,11,20,21,-4.941,102.97,48.4,4.3
2012,11,22,18,-4.535,102.826,35.3,5.2
2012,12,8,20,-5.156,102.283,41,4.8
2012,12,29,19,-4.108,101.776,43.5,4.2
2013,1,31,4,-4.447,102.665,59.9,4.9
2013,2,14,9,-3.446,101.59,53.5,4.2
2013,2,14,19,-3.784,102.332,29.7,4.6
2013,4,27,5,-3.413,101.418,35.5,4.3
2013,5,7,12,-5.227,101.979,30.2,4.3
2013,5,22,19,-3.288,102.331,28.5,4.2
2013,5,29,4,-5.013,102.198,34.3,4.9
2013,6,3,15,-4.942,102.381,41.3,5.1
2013,7,5,12,-4.455,101.829,35,4.2
2013,7,23,5,-4.506,102.396,55.7,4.6
2013,7,24,21,-3.607,101.509,57.4,5.2
2013,8,30,9,-30.119,1.012.724,37.04,4.1
2013,9,19,14,-54.054,102.004,30.6,4.3
2013,11,17,2,-38.349,1.017.961,49.78,4.2
2013,12,1,9,-44.793,1.021.823,49.32,4.7
2014,2,12,16,-34.343,1.015.997,56,4.7
2014,3,9,17,-4.422,1.021.406,58.72,4.7
2014,3,23,23,-41.454,1.024.994,41.69,4.4
2014,4,3,9,-52.416,1.022.802,44.12,5.7
2014,4,3,10,-53.476,1.020.759,38.54,4.3
2014,4,11,4,-53.776,1.024.379,33.52,4.2
2014,4,16,6,-49.366,1.027.055,58.64,4.8
2014,4,23,10,-53.647,1.027.644,35,4.5
2014,5,22,20,-5.05,1.028.286,55.62,4.5
2014,5,23,6,-50.391,1.025.431,35,4.2
2014,6,21,2,-46.474,1.024.778,58.73,4.2
2014,6,21,23,-49.541,102.141,28.05,4.3
2014,7,11,4,-45.472,1.026.075,54.94,4.6
2014,7,22,20,-46.657,1.017.388,40.51,4.4
2014,7,26,16,-52.593,1.026.106,43.32,4.4
2014,9,17,2,-46.839,1.024.717,50.48,5
2014,9,26,22,-39.161,1.024.466,58,4.2
2014,9,27,2,-46.802,1.020.664,41.96,4.4
2014,10,10,3,-54.142,1.027.148,45.74,4.3
2014,10,20,14,-34.725,1.014.508,52.26,4.2
2014,11,2,13,-44.366,1.021.533,48.5,4.9
2014,11,10,2,-38.518,1.018.245,57.96,4.7
2014,11,18,17,-54.823,1.018.396,24.87,4.3
2014,12,9,21,-50.405,1.028.631,50.98,4.3
2015,1,4,17,-44.355,1.020.376,55.09,4.6
2015,1,12,21,-43.846,1.021.025,49.3,4.6
2015,1,20,14,-53.762,1.024.643,36.51,5
2015,2,1,7,-38.036,1.017.768,57.42,4.5
2015,2,19,6,-49.309,1.019.113,21.34,4.5
2015,2,25,21,-50.161,1.028.245,56.15,4.1
2015,3,15,18,-48.295,1.017.234,36.6,4.8
2015,5,30,20,-47.858,1.030.184,40.33,5.3
2015,6,19,4,-49.455,1.028.155,55.1,4.4
2015,8,11,10,-51.276,1.021.818,35,4.2
2015,8,15,8,-37.469,1.017.758,57.25,5.1
2015,9,11,14,-43.716,1.029.404,55.12,4
2015,10,19,18,-36.739,1.019.625,55.11,4.4
2015,11,9,2,-45.694,1.018.522,20.1,4.4
2015,11,28,23,-52.102,1.019.759,26.75,4.5
2015,12,11,3,-49.619,102.966,48.6,5.1
2015,12,13,20,-45.166,1.014.875,50.09,4.4
2015,12,25,10,-50.479,1.016.261,35,4.3
2016,1,25,4,-39.792,1.022.789,57.99,4.4
2016,1,30,22,-4.946,1.013.861,10,4.1
2016,2,17,19,-35.091,1.014.852,53.65,4.7
2016,2,20,23,-42.396,1.022.127,47.62,4.4
2016,3,7,0,-35.864,1.014.207,38.68,4.6
2016,3,11,12,-4.906,1.025.093,35,4.2
2016,4,10,2,-41.489,102.211,41,5.7
2016,4,10,3,-43.782,1.020.652,41.47,4.3
2016,4,17,13,-4.908,1.030.353,58.04,4.4
2016,5,9,12,-52.471,1.026.857,52.44,4.2
2016,5,30,10,-3.363,1.025.742,54.34,4.4
2016,6,7,1,-50.952,1.025.575,37.52,4.4
2016,6,18,21,-33.293,1.012.686,39.77,5.4
2016,6,21,7,-46.489,1.019.911,42.39,4.5
2016,8,7,21,-52.934,1.025.759,54.61,4.2
2016,8,18,9,-41.322,1.022.713,51.19,4.7
2016,8,20,11,-51.358,1.028.007,49.13,5
2016,9,8,19,-47.794,1.019.371,35,4.6
2016,9,12,15,-49.064,1.017.667,18.3,5.3
2016,9,17,2,-44.346,1.027.537,59.05,5.5
2016,9,17,20,-4.61,1.018.498,38.71,4.6
2016,10,13,17,-42.241,1.019.471,44.36,4.2
2016,10,13,18,-43.387,1.021.977,49.18,4.2
2016,11,22,9,-54.288,1.026.684,35,4.2
2016,11,30,10,-44.819,1.019.229,47.46,4.4
2016,12,29,1,-47.053,101.697,31.82,4.3
2016,12,29,8,-46.133,1.017.366,31.98,4.3
2017,1,12,13,-52.669,1.027.235,22.95,5.5
2017,2,26,15,-42.072,1.020.171,42.72,5.4
2017,3,12,1,-46.695,1.025.798,53.84,4.6
2017,3,30,8,-43.584,1.023.654,57.83,5
2017,3,31,3,-44.069,1.021.101,44.58,4.8
2017,4,2,13,-30.394,1.015.421,57.16,5.3
2017,4,24,3,-47.509,1.028.293,57.17,4.4
2017,5,11,21,-45.289,1.012.583,36.84,4.8
2017,5,23,13,-50.902,1.027.086,42.73,4.4
2017,6,12,20,-45.937,1.025.848,52.62,4.3
2017,6,13,22,-46.262,1.022.317,53.27,4.4
2017,6,22,1,-45.698,1.026.039,52.51,4.3
2017,6,26,15,-40.625,1.019.279,40.89,4.2
2017,7,19,15,-42.667,1.022.033,47.95,4.2
2017,7,27,19,-43.959,1.019.417,50.48,5.1
2017,8,8,11,-52.847,1.024.463,35.84,4.6
2017,8,9,5,-53.129,1.024.112,38.72,4.6
2017,8,9,9,-48.056,1.031.618,57.53,4.3
2017,8,13,3,-37.682,1.016.228,31,6.4
2017,8,13,5,-38.027,1.013.993,35,4.3
2017,10,19,17,-46.961,1.018.219,42.19,4.4
2017,11,7,10,-52.828,1.028.109,13.46,4.3
2017,11,21,18,-36.709,1.015.643,39.82,4.5
2017,11,26,5,-37.297,1.013.591,29.4,4.2
2017,12,5,20,-31.108,1.021.648,45.54,5.1
2017,12,7,15,-5.028,1.029.493,53.36,5.3
2017,12,22,17,-43.445,1.019.407,44.72,4.7
2017,12,26,5,-43.014,1.022.395,53.4,4.3
2018,1,1,7,-43.179,1.021.873,52.09,4.8
2018,1,13,7,-49.212,1.029.261,57.68,4.7
2018,1,14,4,-35.722,1.016.537,49.22,4.6
2018,2,25,3,-30.791,1.018.513,53.08,4.1
2018,3,6,16,-53.128,1.023.754,32.3,4.6
2018,3,13,9,-40.163,1.020.732,58.93,4.2
2018,3,19,7,-50.766,1.026.224,49.7,4.3
2018,4,7,12,-5.056,1.018.063,44.24,4.2
2018,4,14,14,-48.335,1.020.937,53.16,4.7
2018,4,17,13,-5.338,1.023.663,35.75,4.5
2018,5,7,15,-52.151,1.024.875,36.85,4.2
2018,5,15,1,-38.201,1.016.129,46.13,4.3
2018,5,19,19,-4.26,1.024.143,59.14,5
2018,6,4,6,-5.068,1.026.592,35,4.9
2018,6,5,2,-45.778,101.837,39.85,4.4
2018,6,29,18,-44.815,1.020.186,43.3,4.4
2018,7,14,14,-52.059,1.028.814,44.84,4.9
2018,8,22,13,-46.423,1.028.041,52.13,4.4
2018,9,11,12,-45.489,102.163,49.87,4.6
2018,9,12,7,-52.755,1.023.876,42.9,5.1
2018,9,16,6,-49.123,1.029.571,50.13,5
2018,9,18,16,-48.987,102.84,38.89,4.4
2018,10,4,18,-46.372,1.018.232,23.66,4.7
2018,11,3,15,-37.587,1.018.213,45.56,5.2
2018,11,21,14,-51.659,1.028.386,42.17,4.8
2018,12,7,14,-33.255,1.018.314,37.08,4.5
2018,12,8,4,-40.764,101.58,44.88,4.8
2018,12,8,17,-35.268,1.015.194,42.13,5.2
2018,12,11,14,-46.415,1.024.835,58.2,4.9
2018,12,15,3,-35.353,1.015.546,51.15,4.5
2019,1,11,19,-33.932,1.012.762,39,5.4
2019,1,18,5,-54.136,1.025.042,35.17,4.4
2019,2,10,14,-45.666,1.015.612,35,4.6
2019,2,10,14,-46.728,1.014.624,10,4.6
2019,2,16,1,-45.147,1.019.873,35,4.7
2019,3,23,8,-4.638,1.023.409,15.44,4.9
2019,3,25,6,-51.835,1.023.771,20.98,4.8
2019,4,13,12,-50.552,1.016.394,26.07,4.7
2019,4,18,20,-47.493,102.224,31.76,4.4
2019,4,27,13,-42.655,102.143,57.42,5
2019,5,6,8,-53.992,1.020.257,35,5.1
2019,5,28,3,-36.908,1.013.647,35,4.5
2019,7,6,12,-38.843,1.014.986,45.9,4.1
2019,7,6,16,-45.346,1.021.262,52.12,4.2
2019,7,9,22,-39.893,1.016.838,37.61,4.4
2019,8,13,18,-30.402,1.013.029,46.52,5.2
2019,8,17,13,-34.806,1.015.874,58.51,4.9
2019,8,25,14,-5.027,1.024.145,45.16,4.4
2019,8,25,14,-51.116,1.023.497,41.31,4.6
2019,11,13,0,-45.226,102.276,31.85,4.3
2019,11,15,7,-44.498,101.777,47.98,4.8
2019,11,30,23,-45.951,1.022.283,42.56,4.7
2020,1,17,1,-49.258,1.027.843,52.78,4.6
2020,1,27,3,-5.132,1.023.652,34.91,4.8
2020,2,21,22,-51.177,1.027.216,35,4.9
2020,3,6,19,-52.218,1.022.091,35,5
2020,3,26,19,-46.344,1.019.548,35,4.3
2020,4,5,22,-52.757,1.025.135,35,4.9
2020,4,13,7,-45.148,1.023.931,35,4.4
2020,4,29,8,-44.942,1.025.006,50.92,4.8
2020,6,7,15,-4.253,1.018.177,42.01,4.4
2020,7,12,6,-51.936,1.023.645,35,4.6
2020,7,15,17,-45.236,1.018.629,35,4.1
2020,7,16,14,-43.959,1.019.318,38.64,4.3
2020,7,16,21,-37.256,1.017.398,46.75,4.4
2020,7,19,14,-32.279,1.016.886,49.27,4.1
2020,7,27,12,-35.409,1.026.856,39.42,4.1
2020,8,2,4,-45.387,1.026.997,54.26,4.9
2020,8,9,7,-52.296,1.027.424,52.4,4.3
2020,9,3,16,-44.773,1.025.889,54.02,5.3
2020,9,28,1,-32.804,101.555,55.73,4.1
2020,10,10,10,-46.967,1.026.442,53.68,4.8
2020,10,16,5,-53.438,1.017.944,27.84,4.5
2020,11,1,3,-52.225,1.024.699,25.95,4.8
2020,11,2,8,-39.159,1.017.149,10,4.6
2020,11,16,23,-47.595,1.028.238,58.24,4.4
2020,11,20,17,-37.802,1.014.312,35.79,4.3
2020,11,21,16,-42.943,1.021.241,46.23,4.9
2020,11,26,18,-3.833,1.016.833,38.67,4.4
2020,11,29,14,-50.092,102.93,55.23,5.2
2020,12,4,21,-43.819,102.144,42.46,4.3
2020,12,14,8,-39.121,1.020.026,53.36,4.5
2020,12,14,18,-50.316,1.020.777,41,4.5
2020,12,17,2,-36.154,1.025.672,10,4.3
2021,1,6,17,-43.366,1.026.881,58.04,5.5
2021,1,13,6,-42.223,1.020.942,37.21,4.6
2021,1,24,13,-44.396,102.533,54.96,5.1
2021,1,30,10,-45.295,1.025.048,54.9,4.9
2021,2,5,9,-44.442,1.022.095,52.28,4.7
2021,2,18,10,-43.303,1.016.424,43.3,4.6
2021,2,21,21,-43.756,1.021.377,47.83,4.9
2021,2,28,15,-54.883,1.023.197,35,4.5
2021,3,1,0,-44.913,1.023.056,57.26,4.3
2021,3,5,18,-35.477,1.016.511,46.08,4.6
2021,3,29,4,-45.491,1.026.262,59.62,5.2
2021,5,21,18,-49.566,1.021.795,33.2,4.8
2021,5,24,12,-42.185,1.019.758,53.13,4.3
2021,6,10,10,-48.293,1.029.678,59.31,5.1
2021,6,17,15,-43.081,1.021.361,51.36,4.1
2021,6,19,21,-4.56,1.026.323,56.2,5.2
2021,7,3,13,-41.986,1.024.166,56.1,5.1
2021,7,7,23,-43.721,102.306,53.37,4.2
2021,7,14,10,-44.074,1.015.733,31.28,4.5
2021,9,2,14,-4.742,1.025.258,51.35,4.6
2021,9,9,5,-51.416,1.020.061,35,4.4
2021,9,10,1,-4.506,1.017.368,39.27,4.4
2021,10,15,23,-49.203,1.029.791,59.39,5
2021,10,23,23,-46.852,1.019.672,46.53,4.8
2021,10,26,17,-33.274,1.016.916,44.82,4.3
2021,11,1,6,-44.267,1.020.245,30.88,4.5
2021,11,16,4,-44.371,1.017.651,44.47,4.3
2021,11,17,3,-35.754,1.015.892,59.84,5
2021,11,24,21,-52.019,1.025.999,41.44,4.2
2021,11,26,14,-38.198,1.013.726,40.11,4.2
2021,12,12,22,-4.184,101.317,35,4.6
2021,12,26,14,-45.717,1.020.135,41.43,4.6
2022,1,28,23,-50.608,1.022.805,34.42,4.5
2022,2,16,7,-36.755,1.014.584,47.48,4.1
2022,2,25,23,-49.709,1.017.374,35,4.8
2022,3,18,14,-4.663,1.017.353,26.27,4.4
2022,3,18,21,-36.651,1.015.566,33.53,4.2
2022,5,10,0,-49.622,1.025.414,41.84,4.3
2022,5,16,18,-52.399,1.020.088,23,5.8
2022,5,21,8,-4.698,1.026.699,59.12,4.8
2022,5,23,12,-47.307,1.026.334,58.6,4.9
2022,7,17,12,-53.504,1.031.414,44.33,4.5
2022,7,18,7,-5.294,1.026.748,41.803,4.4
2022,7,19,23,-41.438,1.021.383,52,5.3
2022,7,20,0,-41.765,102.073,58.144,4.4
2022,8,7,2,-43.081,1.021.657,52.321,4.9
2022,8,17,5,-49.731,102.803,58.212,4.5
2022,8,23,14,-50.926,103.079,45.258,6.2
2022,8,24,2,-52.295,1.029.363,57.472,4.7
2022,8,25,3,-47.217,1.017.512,35,5
2022,9,4,8,-50.652,1.028.928,55.021,5.1
2022,9,7,18,-3.19,1.014.217,34,5.4
2022,9,8,17,-42.333,1.022.088,56.123,4.8
2022,9,29,12,-54.438,102.676,36.993,4.5
2022,10,1,13,-3.83,1.018.367,59.88,4.9
2022,10,20,2,-51.643,1.024.005,35,4.6
2022,11,16,9,-53.485,1.023.662,29.808,5.1
2022,11,28,6,-5.211,1.023.395,29.102,4.4
2022,12,7,5,-53.832,1.020.391,23.377,4.4
2022,12,25,12,-47.899,1.024.446,43.616,4.2
2023,1,14,19,-38.072,1.013.371,48.613,4.2
2023,1,20,18,-52.579,101.811,22.008,4.5
2023,1,20,18,-52.051,1.018.081,27.585,4.4
2023,2,20,20,-42.796,102.192,54.981,4.8
2023,3,3,0,-38.512,1.018.071,57.716,5
2023,3,25,9,-52.821,1.020.343,26.252,4.5
2023,5,2,22,-51.975,1.024.123,37.744,4.5
2023,5,14,5,-47.487,1.019.337,35,4.3
2023,6,1,23,-37.795,1.014.329,48.194,4.2
2023,7,10,5,-47.229,102.035,49.448,4.3
2023,7,21,3,-53.791,1.020.612,24.947,4.8
2023,9,4,8,-53.795,101.969,31.992,4.5
2023,9,5,8,-43.075,1.021.942,55.212,4.9
2023,9,18,17,-51.626,1.019.476,25.012,4.4
2023,10,3,22,-5.179,1.022.641,32.221,4.9
2023,10,5,10,-51.771,1.020.813,32.725,4.3
2023,10,29,0,-42.937,1.020.246,55.976,5.1
2023,11,5,2,-5.143,1.025.404,44.193,4.9
2023,11,11,20,-34.734,1.015.887,56.319,4.4
2023,11,12,9,-42.774,1.021.082,53.91,4.1
2023,11,15,5,-35.315,1.014.988,56.133,4.8
2023,11,16,14,-51.082,1.028.581,54.577,4.6
2024,1,3,20,-51.758,1.028.473,50.003,4.5
